{"cameraMode":{"drawMode":0,"name":"Shaded","section":"Shading Mode"},"sceneLighting":true,"audioPlay":false,"sceneViewState":{"showFog":true,"showMaterialUpdate":false,"showSkybox":true,"showFlares":true,"showImageEffects":true,"showParticleSystems":true},"in2DMode":false,"pivot":{"x":-2.3788063526153566,"y":0.11234504729509354,"z":1.4756929874420167},"rotation":{"x":-0.03553759306669235,"y":-0.9628223776817322,"z":0.21581131219863892,"w":-0.1585463136434555},"size":258.59796142578127,"orthographic":true}