{"cameraMode":{"drawMode":0,"name":"Shaded","section":"Shading Mode"},"sceneLighting":true,"audioPlay":false,"sceneViewState":{"showFog":true,"showMaterialUpdate":false,"showSkybox":true,"showFlares":true,"showImageEffects":true,"showParticleSystems":true},"in2DMode":false,"pivot":{"x":6.460506439208984,"y":1.415970802307129,"z":-2.1959898471832277},"rotation":{"x":-0.24770724773406983,"y":-0.2318001389503479,"z":0.06116808205842972,"w":-0.9387080073356628},"size":21.98434066772461,"orthographic":true}