{"cameraMode":{"drawMode":0,"name":"Shaded","section":"Shading Mode"},"sceneLighting":true,"audioPlay":false,"sceneViewState":{"showFog":true,"showMaterialUpdate":false,"showSkybox":true,"showFlares":true,"showImageEffects":true,"showParticleSystems":true},"in2DMode":false,"pivot":{"x":-44.10149383544922,"y":5.945334434509277,"z":30.245656967163087},"rotation":{"x":-0.12056392431259155,"y":0.4935489594936371,"z":-0.06928172707557678,"w":-0.8585672378540039},"size":44.812705993652347,"orthographic":false}